<?xml version="1.0" encoding="UTF-8" standalone="yes"?>
<ns2:ExportManifest xmlns:ns2="http://www.pentaho.com/schema/">
    <ExportManifestInformation exportDate="16-05-2019 04:04:34 BRT" exportBy="admin" rootFolder="/public/" manifestVersion="2"/>
    <ExportManifestEntity path="Gastox">
        <ExportManifestProperty>
            <EntityMetaData name="Gastox" createdDate="2019-05-16T16:02:15.596-03:00" isFolder="true" path="Gastox" isHidden="false" isSchedulable="false" locale="pt_BR" title="Gastox"/>
        </ExportManifestProperty>
        <ExportManifestProperty>
            <EntityAcl>
                <entriesInheriting>true</entriesInheriting>
                <owner>admin</owner>
                <ownerType>USER</ownerType>
            </EntityAcl>
        </ExportManifestProperty>
    </ExportManifestEntity>
    <ExportManifestEntity path="Gastox/Gastox.cdfde">
        <ExportManifestProperty>
            <EntityMetaData name="Gastox.cdfde" createdDate="2019-05-16T16:01:45.645-03:00" isFolder="false" path="Gastox/Gastox.cdfde" isHidden="false" isSchedulable="true" locale="pt_BR" title="Gastox.cdfde"/>
        </ExportManifestProperty>
        <ExportManifestProperty>
            <EntityAcl>
                <entriesInheriting>true</entriesInheriting>
                <owner>admin</owner>
                <ownerType>USER</ownerType>
            </EntityAcl>
        </ExportManifestProperty>
    </ExportManifestEntity>
    <ExportManifestEntity path="Gastox/Gastox.wcdf">
        <ExportManifestProperty>
            <EntityMetaData name="Gastox.wcdf" createdDate="2019-05-16T16:01:45.562-03:00" isFolder="false" path="Gastox/Gastox.wcdf" isHidden="false" isSchedulable="true" locale="pt_BR" description="Gastox" title="Gastox"/>
        </ExportManifestProperty>
        <ExportManifestProperty>
            <EntityAcl>
                <entriesInheriting>true</entriesInheriting>
                <owner>admin</owner>
                <ownerType>USER</ownerType>
            </EntityAcl>
        </ExportManifestProperty>
    </ExportManifestEntity>
    <ExportManifestEntity path="Gastox/restToRs.ktr">
        <ExportManifestProperty>
            <EntityMetaData name="restToRs.ktr" createdDate="2019-05-16T16:04:19.966-03:00" isFolder="false" path="Gastox/restToRs.ktr" isHidden="true" isSchedulable="true" locale="pt_BR" title="restToRs"/>
        </ExportManifestProperty>
        <ExportManifestProperty>
            <EntityAcl>
                <entriesInheriting>true</entriesInheriting>
                <owner>admin</owner>
                <ownerType>USER</ownerType>
            </EntityAcl>
        </ExportManifestProperty>
    </ExportManifestEntity>
</ns2:ExportManifest>
