<?xml version="1.0" encoding="UTF-8" standalone="yes"?>
<ns2:ExportManifest xmlns:ns2="http://www.pentaho.com/schema/">
    <ExportManifestInformation exportDate="07-06-2019 02:40:06 BRT" exportBy="admin" rootFolder="/public/" manifestVersion="2"/>
    <ExportManifestEntity path="Gastox">
        <ExportManifestProperty>
            <EntityMetaData name="Gastox" createdDate="2019-05-27T16:04:27.053-03:00" isFolder="true" path="Gastox" isHidden="false" isSchedulable="false" locale="en_US" title="Gastox"/>
        </ExportManifestProperty>
        <ExportManifestProperty>
            <EntityAcl>
                <entriesInheriting>true</entriesInheriting>
                <owner>admin</owner>
                <ownerType>USER</ownerType>
            </EntityAcl>
        </ExportManifestProperty>
    </ExportManifestEntity>
    <ExportManifestEntity path="Gastox/Gastox.cda">
        <ExportManifestProperty>
            <EntityMetaData name="Gastox.cda" createdDate="2019-05-27T16:04:27.089-03:00" isFolder="false" path="Gastox/Gastox.cda" isHidden="false" isSchedulable="true" locale="en_US" title="Gastox"/>
        </ExportManifestProperty>
        <ExportManifestProperty>
            <EntityAcl>
                <entriesInheriting>true</entriesInheriting>
                <owner>admin</owner>
                <ownerType>USER</ownerType>
            </EntityAcl>
        </ExportManifestProperty>
    </ExportManifestEntity>
    <ExportManifestEntity path="Gastox/Gastox.cdfde">
        <ExportManifestProperty>
            <EntityMetaData name="Gastox.cdfde" createdDate="2019-05-27T16:04:27.162-03:00" isFolder="false" path="Gastox/Gastox.cdfde" isHidden="false" isSchedulable="true" locale="en_US" title="Gastox.cdfde"/>
        </ExportManifestProperty>
        <ExportManifestProperty>
            <EntityAcl>
                <entriesInheriting>true</entriesInheriting>
                <owner>admin</owner>
                <ownerType>USER</ownerType>
            </EntityAcl>
        </ExportManifestProperty>
    </ExportManifestEntity>
    <ExportManifestEntity path="Gastox/Gastox.wcdf">
        <ExportManifestProperty>
            <EntityMetaData name="Gastox.wcdf" createdDate="2019-05-27T16:04:27.198-03:00" isFolder="false" path="Gastox/Gastox.wcdf" isHidden="false" isSchedulable="true" locale="en_US" title="Gastox.wcdf"/>
        </ExportManifestProperty>
        <ExportManifestProperty>
            <EntityAcl>
                <entriesInheriting>true</entriesInheriting>
                <owner>admin</owner>
                <ownerType>USER</ownerType>
            </EntityAcl>
        </ExportManifestProperty>
    </ExportManifestEntity>
    <ExportManifestEntity path="Gastox/ktr">
        <ExportManifestProperty>
            <EntityMetaData name="ktr" createdDate="2019-05-27T16:04:27.225-03:00" isFolder="true" path="Gastox/ktr" isHidden="false" isSchedulable="false" locale="en_US" title="ktr"/>
        </ExportManifestProperty>
        <ExportManifestProperty>
            <EntityAcl>
                <entriesInheriting>true</entriesInheriting>
                <owner>admin</owner>
                <ownerType>USER</ownerType>
            </EntityAcl>
        </ExportManifestProperty>
    </ExportManifestEntity>
    <ExportManifestEntity path="Gastox/ktr/barRs.ktr">
        <ExportManifestProperty>
            <EntityMetaData name="barRs.ktr" createdDate="2019-05-27T16:04:27.282-03:00" isFolder="false" path="Gastox/ktr/barRs.ktr" isHidden="true" isSchedulable="true" locale="en_US" title="barRs"/>
        </ExportManifestProperty>
        <ExportManifestProperty>
            <EntityAcl>
                <entriesInheriting>true</entriesInheriting>
                <owner>admin</owner>
                <ownerType>USER</ownerType>
            </EntityAcl>
        </ExportManifestProperty>
    </ExportManifestEntity>
    <ExportManifestEntity path="Gastox/ktr/categoriasRs.ktr">
        <ExportManifestProperty>
            <EntityMetaData name="categoriasRs.ktr" createdDate="2019-05-27T16:04:27.491-03:00" isFolder="false" path="Gastox/ktr/categoriasRs.ktr" isHidden="true" isSchedulable="true" locale="en_US" title="categoriasRs"/>
        </ExportManifestProperty>
        <ExportManifestProperty>
            <EntityAcl>
                <entriesInheriting>true</entriesInheriting>
                <owner>admin</owner>
                <ownerType>USER</ownerType>
            </EntityAcl>
        </ExportManifestProperty>
    </ExportManifestEntity>
    <ExportManifestEntity path="Gastox/ktr/descripcionRs.ktr">
        <ExportManifestProperty>
            <EntityMetaData name="descripcionRs.ktr" createdDate="2019-05-27T16:04:27.689-03:00" isFolder="false" path="Gastox/ktr/descripcionRs.ktr" isHidden="true" isSchedulable="true" locale="en_US" title="descripcionRs"/>
        </ExportManifestProperty>
        <ExportManifestProperty>
            <EntityAcl>
                <entriesInheriting>true</entriesInheriting>
                <owner>admin</owner>
                <ownerType>USER</ownerType>
            </EntityAcl>
        </ExportManifestProperty>
    </ExportManifestEntity>
    <ExportManifestEntity path="Gastox/ktr/metodosRs.ktr">
        <ExportManifestProperty>
            <EntityMetaData name="metodosRs.ktr" createdDate="2019-05-27T16:04:27.905-03:00" isFolder="false" path="Gastox/ktr/metodosRs.ktr" isHidden="true" isSchedulable="true" locale="en_US" title="metodosRs"/>
        </ExportManifestProperty>
        <ExportManifestProperty>
            <EntityAcl>
                <entriesInheriting>true</entriesInheriting>
                <owner>admin</owner>
                <ownerType>USER</ownerType>
            </EntityAcl>
        </ExportManifestProperty>
    </ExportManifestEntity>
    <ExportManifestEntity path="Gastox/ktr/totalRs.ktr">
        <ExportManifestProperty>
            <EntityMetaData name="totalRs.ktr" createdDate="2019-05-27T16:04:28.125-03:00" isFolder="false" path="Gastox/ktr/totalRs.ktr" isHidden="true" isSchedulable="true" locale="en_US" title="totalRs"/>
        </ExportManifestProperty>
        <ExportManifestProperty>
            <EntityAcl>
                <entriesInheriting>true</entriesInheriting>
                <owner>admin</owner>
                <ownerType>USER</ownerType>
            </EntityAcl>
        </ExportManifestProperty>
    </ExportManifestEntity>
    <ExportManifestEntity path="Gastox/restToRs.ktr">
        <ExportManifestProperty>
            <EntityMetaData name="restToRs.ktr" createdDate="2019-05-27T16:04:28.344-03:00" isFolder="false" path="Gastox/restToRs.ktr" isHidden="true" isSchedulable="true" locale="en_US" title="restToRs"/>
        </ExportManifestProperty>
        <ExportManifestProperty>
            <EntityAcl>
                <entriesInheriting>true</entriesInheriting>
                <owner>admin</owner>
                <ownerType>USER</ownerType>
            </EntityAcl>
        </ExportManifestProperty>
    </ExportManifestEntity>
</ns2:ExportManifest>
