<?xml version="1.0" encoding="UTF-8" standalone="yes"?>
<ns2:ExportManifest xmlns:ns2="http://www.pentaho.com/schema/">
    <ExportManifestInformation exportDate="08-05-2019 03:56:20 BRT" exportBy="admr" rootFolder="/public/" manifestVersion="2"/>
    <ExportManifestEntity path="FREQUENCIA">
        <ExportManifestProperty>
            <EntityMetaData name="FREQUENCIA" createdDate="2018-06-14T14:09:32.240-03:00" isFolder="true" path="FREQUENCIA" isHidden="false" locale="pt_BR" title="FREQUENCIA"/>
        </ExportManifestProperty>
        <ExportManifestProperty>
            <EntityAcl>
                <entriesInheriting>true</entriesInheriting>
                <owner>adm</owner>
                <ownerType>USER</ownerType>
            </EntityAcl>
        </ExportManifestProperty>
    </ExportManifestEntity>
    <ExportManifestEntity path="FREQUENCIA/FREQUENCIA.cda">
        <ExportManifestProperty>
            <EntityMetaData name="FREQUENCIA.cda" createdDate="2018-06-14T14:09:32.300-03:00" isFolder="false" path="FREQUENCIA/FREQUENCIA.cda" isHidden="false" locale="pt_BR" title="FREQUENCIA"/>
        </ExportManifestProperty>
        <ExportManifestProperty>
            <EntityAcl>
                <entriesInheriting>true</entriesInheriting>
                <owner>adm</owner>
                <ownerType>USER</ownerType>
            </EntityAcl>
        </ExportManifestProperty>
    </ExportManifestEntity>
    <ExportManifestEntity path="FREQUENCIA/FREQUENCIA.cdfde">
        <ExportManifestProperty>
            <EntityMetaData name="FREQUENCIA.cdfde" createdDate="2018-06-14T14:09:32.365-03:00" isFolder="false" path="FREQUENCIA/FREQUENCIA.cdfde" isHidden="false" locale="pt_BR" title="FREQUENCIA"/>
        </ExportManifestProperty>
        <ExportManifestProperty>
            <EntityAcl>
                <entriesInheriting>true</entriesInheriting>
                <owner>adm</owner>
                <ownerType>USER</ownerType>
            </EntityAcl>
        </ExportManifestProperty>
    </ExportManifestEntity>
    <ExportManifestEntity path="FREQUENCIA/FREQUENCIA.wcdf">
        <ExportManifestProperty>
            <EntityMetaData name="FREQUENCIA.wcdf" createdDate="2018-06-14T14:09:32.261-03:00" isFolder="false" path="FREQUENCIA/FREQUENCIA.wcdf" isHidden="false" locale="pt_BR" title="FREQUENCIA"/>
        </ExportManifestProperty>
        <ExportManifestProperty>
            <EntityAcl>
                <entriesInheriting>true</entriesInheriting>
                <owner>adm</owner>
                <ownerType>USER</ownerType>
            </EntityAcl>
        </ExportManifestProperty>
    </ExportManifestEntity>
    <ExportManifestEntity path="FREQUENCIA/css">
        <ExportManifestProperty>
            <EntityMetaData name="css" createdDate="2019-04-15T10:29:43.387-03:00" isFolder="true" path="FREQUENCIA/css" isHidden="false" locale="pt_BR" title="css"/>
        </ExportManifestProperty>
        <ExportManifestProperty>
            <EntityAcl>
                <entriesInheriting>true</entriesInheriting>
                <owner>adm</owner>
                <ownerType>USER</ownerType>
            </EntityAcl>
        </ExportManifestProperty>
    </ExportManifestEntity>
    <ExportManifestEntity path="FREQUENCIA/css/especifico.css">
        <ExportManifestProperty>
            <EntityMetaData name="especifico.css" createdDate="2019-04-15T10:29:43.435-03:00" isFolder="false" path="FREQUENCIA/css/especifico.css" isHidden="false" locale="pt_BR" title="especifico"/>
        </ExportManifestProperty>
        <ExportManifestProperty>
            <EntityAcl>
                <entriesInheriting>true</entriesInheriting>
                <owner>adm</owner>
                <ownerType>USER</ownerType>
            </EntityAcl>
        </ExportManifestProperty>
    </ExportManifestEntity>
    <ExportManifestEntity path="FREQUENCIA/help">
        <ExportManifestProperty>
            <EntityMetaData name="help" createdDate="2018-06-14T14:09:32.405-03:00" isFolder="true" path="FREQUENCIA/help" isHidden="false" locale="pt_BR" title="help"/>
        </ExportManifestProperty>
        <ExportManifestProperty>
            <EntityAcl>
                <entriesInheriting>true</entriesInheriting>
                <owner>adm</owner>
                <ownerType>USER</ownerType>
            </EntityAcl>
        </ExportManifestProperty>
    </ExportManifestEntity>
    <ExportManifestEntity path="FREQUENCIA/js">
        <ExportManifestProperty>
            <EntityMetaData name="js" createdDate="2018-06-14T14:09:32.422-03:00" isFolder="true" path="FREQUENCIA/js" isHidden="false" locale="pt_BR" title="js"/>
        </ExportManifestProperty>
        <ExportManifestProperty>
            <EntityAcl>
                <entriesInheriting>true</entriesInheriting>
                <owner>adm</owner>
                <ownerType>USER</ownerType>
            </EntityAcl>
        </ExportManifestProperty>
    </ExportManifestEntity>
    <ExportManifestEntity path="FREQUENCIA/js/execucao.js">
        <ExportManifestProperty>
            <EntityMetaData name="execucao.js" createdDate="2018-06-14T14:09:32.440-03:00" isFolder="false" path="FREQUENCIA/js/execucao.js" isHidden="false" locale="pt_BR" title="execucao"/>
        </ExportManifestProperty>
        <ExportManifestProperty>
            <EntityAcl>
                <entriesInheriting>true</entriesInheriting>
                <owner>adm</owner>
                <ownerType>USER</ownerType>
            </EntityAcl>
        </ExportManifestProperty>
    </ExportManifestEntity>
    <ExportManifestEntity path="FREQUENCIA/js/export.js">
        <ExportManifestProperty>
            <EntityMetaData name="export.js" createdDate="2018-06-14T14:09:32.482-03:00" isFolder="false" path="FREQUENCIA/js/export.js" isHidden="false" locale="pt_BR" title="export"/>
        </ExportManifestProperty>
        <ExportManifestProperty>
            <EntityAcl>
                <entriesInheriting>true</entriesInheriting>
                <owner>adm</owner>
                <ownerType>USER</ownerType>
            </EntityAcl>
        </ExportManifestProperty>
    </ExportManifestEntity>
    <ExportManifestEntity path="FREQUENCIA/js/init.js">
        <ExportManifestProperty>
            <EntityMetaData name="init.js" createdDate="2018-06-14T14:09:32.521-03:00" isFolder="false" path="FREQUENCIA/js/init.js" isHidden="false" locale="pt_BR" title="init"/>
        </ExportManifestProperty>
        <ExportManifestProperty>
            <EntityAcl>
                <entriesInheriting>true</entriesInheriting>
                <owner>adm</owner>
                <ownerType>USER</ownerType>
            </EntityAcl>
        </ExportManifestProperty>
    </ExportManifestEntity>
    <ExportManifestEntity path="FREQUENCIA/js/table.js">
        <ExportManifestProperty>
            <EntityMetaData name="table.js" createdDate="2019-04-15T10:29:43.715-03:00" isFolder="false" path="FREQUENCIA/js/table.js" isHidden="false" locale="pt_BR" title="table"/>
        </ExportManifestProperty>
        <ExportManifestProperty>
            <EntityAcl>
                <entriesInheriting>true</entriesInheriting>
                <owner>adm</owner>
                <ownerType>USER</ownerType>
            </EntityAcl>
        </ExportManifestProperty>
    </ExportManifestEntity>
    <ExportManifestEntity path="FREQUENCIA/ktr">
        <ExportManifestProperty>
            <EntityMetaData name="ktr" createdDate="2018-06-14T14:09:32.563-03:00" isFolder="true" path="FREQUENCIA/ktr" isHidden="false" locale="pt_BR" title="ktr"/>
        </ExportManifestProperty>
        <ExportManifestProperty>
            <EntityAcl>
                <entriesInheriting>true</entriesInheriting>
                <owner>adm</owner>
                <ownerType>USER</ownerType>
            </EntityAcl>
        </ExportManifestProperty>
    </ExportManifestEntity>
    <ExportManifestEntity path="FREQUENCIA/ktr/CLIENTES.ktr">
        <ExportManifestProperty>
            <EntityMetaData name="CLIENTES.ktr" createdDate="2019-04-15T10:29:43.845-03:00" isFolder="false" path="FREQUENCIA/ktr/CLIENTES.ktr" isHidden="false" locale="pt_BR" title="CLIENTES"/>
        </ExportManifestProperty>
        <ExportManifestProperty>
            <EntityAcl>
                <entriesInheriting>true</entriesInheriting>
                <owner>adm</owner>
                <ownerType>USER</ownerType>
            </EntityAcl>
        </ExportManifestProperty>
    </ExportManifestEntity>
    <ExportManifestEntity path="FREQUENCIA/ktr/CLIENTES_FREQUENCIA.ktr">
        <ExportManifestProperty>
            <EntityMetaData name="CLIENTES_FREQUENCIA.ktr" createdDate="2019-04-15T10:29:43.966-03:00" isFolder="false" path="FREQUENCIA/ktr/CLIENTES_FREQUENCIA.ktr" isHidden="false" locale="pt_BR" title="CLIENTES_FREQUENCIA"/>
        </ExportManifestProperty>
        <ExportManifestProperty>
            <EntityAcl>
                <entriesInheriting>true</entriesInheriting>
                <owner>adm</owner>
                <ownerType>USER</ownerType>
            </EntityAcl>
        </ExportManifestProperty>
    </ExportManifestEntity>
    <ExportManifestEntity path="FREQUENCIA/ktr/DIASEMANA.ktr">
        <ExportManifestProperty>
            <EntityMetaData name="DIASEMANA.ktr" createdDate="2018-06-14T14:09:32.585-03:00" isFolder="false" path="FREQUENCIA/ktr/DIASEMANA.ktr" isHidden="false" locale="pt_BR" title="DIASEMANA"/>
        </ExportManifestProperty>
        <ExportManifestProperty>
            <EntityAcl>
                <entriesInheriting>true</entriesInheriting>
                <owner>adm</owner>
                <ownerType>USER</ownerType>
            </EntityAcl>
        </ExportManifestProperty>
    </ExportManifestEntity>
    <ExportManifestEntity path="FREQUENCIA/ktr/GRAFICO.ktr">
        <ExportManifestProperty>
            <EntityMetaData name="GRAFICO.ktr" createdDate="2019-04-15T10:29:44.129-03:00" isFolder="false" path="FREQUENCIA/ktr/GRAFICO.ktr" isHidden="false" locale="pt_BR" title="GRAFICO"/>
        </ExportManifestProperty>
        <ExportManifestProperty>
            <EntityAcl>
                <entriesInheriting>true</entriesInheriting>
                <owner>adm</owner>
                <ownerType>USER</ownerType>
            </EntityAcl>
        </ExportManifestProperty>
    </ExportManifestEntity>
    <ExportManifestEntity path="FREQUENCIA/ktr/GRAVAR_SEGMENTACAO.ktr">
        <ExportManifestProperty>
            <EntityMetaData name="GRAVAR_SEGMENTACAO.ktr" createdDate="2018-10-09T11:15:13.186-03:00" isFolder="false" path="FREQUENCIA/ktr/GRAVAR_SEGMENTACAO.ktr" isHidden="false" locale="pt_BR" title="GRAVAR_SEGMENTACAO"/>
        </ExportManifestProperty>
        <ExportManifestProperty>
            <EntityAcl>
                <entriesInheriting>true</entriesInheriting>
                <owner>admr</owner>
                <ownerType>USER</ownerType>
            </EntityAcl>
        </ExportManifestProperty>
    </ExportManifestEntity>
    <ExportManifestEntity path="FREQUENCIA/ktr/HORA.ktr">
        <ExportManifestProperty>
            <EntityMetaData name="HORA.ktr" createdDate="2018-06-14T14:09:32.632-03:00" isFolder="false" path="FREQUENCIA/ktr/HORA.ktr" isHidden="false" locale="pt_BR" title="HORA"/>
        </ExportManifestProperty>
        <ExportManifestProperty>
            <EntityAcl>
                <entriesInheriting>true</entriesInheriting>
                <owner>adm</owner>
                <ownerType>USER</ownerType>
            </EntityAcl>
        </ExportManifestProperty>
    </ExportManifestEntity>
    <ExportManifestEntity path="FREQUENCIA/ktr/MEDIAPERMANENCIA.ktr">
        <ExportManifestProperty>
            <EntityMetaData name="MEDIAPERMANENCIA.ktr" createdDate="2018-06-14T14:09:32.679-03:00" isFolder="false" path="FREQUENCIA/ktr/MEDIAPERMANENCIA.ktr" isHidden="false" locale="pt_BR" title="MEDIAPERMANENCIA"/>
        </ExportManifestProperty>
        <ExportManifestProperty>
            <EntityAcl>
                <entriesInheriting>true</entriesInheriting>
                <owner>adm</owner>
                <ownerType>USER</ownerType>
            </EntityAcl>
        </ExportManifestProperty>
    </ExportManifestEntity>
    <ExportManifestEntity path="FREQUENCIA/ktr/TAB_CLIENTE_FREQUENCIA.ktr">
        <ExportManifestProperty>
            <EntityMetaData name="TAB_CLIENTE_FREQUENCIA.ktr" createdDate="2019-04-15T10:29:44.419-03:00" isFolder="false" path="FREQUENCIA/ktr/TAB_CLIENTE_FREQUENCIA.ktr" isHidden="false" locale="pt_BR" title="TAB_CLIENTE_FREQUENCIA"/>
        </ExportManifestProperty>
        <ExportManifestProperty>
            <EntityAcl>
                <entriesInheriting>true</entriesInheriting>
                <owner>adm</owner>
                <ownerType>USER</ownerType>
            </EntityAcl>
        </ExportManifestProperty>
    </ExportManifestEntity>
    <ExportManifestEntity path="FREQUENCIA/ktr/TEMPOPERMANENCIA.ktr">
        <ExportManifestProperty>
            <EntityMetaData name="TEMPOPERMANENCIA.ktr" createdDate="2018-06-14T14:09:32.727-03:00" isFolder="false" path="FREQUENCIA/ktr/TEMPOPERMANENCIA.ktr" isHidden="false" locale="pt_BR" title="TEMPOPERMANENCIA"/>
        </ExportManifestProperty>
        <ExportManifestProperty>
            <EntityAcl>
                <entriesInheriting>true</entriesInheriting>
                <owner>adm</owner>
                <ownerType>USER</ownerType>
            </EntityAcl>
        </ExportManifestProperty>
    </ExportManifestEntity>
    <ExportManifestEntity path="FREQUENCIA/versao.xml">
        <ExportManifestProperty>
            <EntityMetaData name="versao.xml" createdDate="2018-06-14T14:09:32.773-03:00" isFolder="false" path="FREQUENCIA/versao.xml" isHidden="false" locale="pt_BR" title="versao"/>
        </ExportManifestProperty>
        <ExportManifestProperty>
            <EntityAcl>
                <entriesInheriting>true</entriesInheriting>
                <owner>adm</owner>
                <ownerType>USER</ownerType>
            </EntityAcl>
        </ExportManifestProperty>
    </ExportManifestEntity>
</ns2:ExportManifest>
