<?xml version="1.0" encoding="UTF-8" standalone="yes"?>
<ns2:ExportManifest xmlns:ns2="http://www.pentaho.com/schema/">
    <ExportManifestInformation exportDate="26-03-2019 02:06:57 BRT" exportBy="adm" rootFolder="/public/" manifestVersion="2"/>
    <ExportManifestEntity path="COMMONS">
        <ExportManifestProperty>
            <EntityMetaData name="COMMONS" createdDate="2018-06-07T15:50:38.695-03:00" isFolder="true" path="COMMONS" isHidden="false" locale="pt_BR" title="COMMONS"/>
        </ExportManifestProperty>
        <ExportManifestProperty>
            <EntityAcl>
                <entriesInheriting>true</entriesInheriting>
                <owner>adm</owner>
                <ownerType>USER</ownerType>
            </EntityAcl>
        </ExportManifestProperty>
    </ExportManifestEntity>
    <ExportManifestEntity path="COMMONS/css">
        <ExportManifestProperty>
            <EntityMetaData name="css" createdDate="2018-06-07T15:50:38.746-03:00" isFolder="true" path="COMMONS/css" isHidden="false" locale="pt_BR" title="css"/>
        </ExportManifestProperty>
        <ExportManifestProperty>
            <EntityAcl>
                <entriesInheriting>true</entriesInheriting>
                <owner>adm</owner>
                <ownerType>USER</ownerType>
            </EntityAcl>
        </ExportManifestProperty>
    </ExportManifestEntity>
    <ExportManifestEntity path="COMMONS/css/padrao.css">
        <ExportManifestProperty>
            <EntityMetaData name="padrao.css" createdDate="2018-06-07T15:50:38.793-03:00" isFolder="false" path="COMMONS/css/padrao.css" isHidden="false" locale="pt_BR" title="padrao"/>
        </ExportManifestProperty>
        <ExportManifestProperty>
            <EntityAcl>
                <entriesInheriting>true</entriesInheriting>
                <owner>adm</owner>
                <ownerType>USER</ownerType>
            </EntityAcl>
        </ExportManifestProperty>
    </ExportManifestEntity>
    <ExportManifestEntity path="COMMONS/css/plugins.css">
        <ExportManifestProperty>
            <EntityMetaData name="plugins.css" createdDate="2018-06-07T15:50:38.914-03:00" isFolder="false" path="COMMONS/css/plugins.css" isHidden="false" locale="pt_BR" title="plugins"/>
        </ExportManifestProperty>
        <ExportManifestProperty>
            <EntityAcl>
                <entriesInheriting>true</entriesInheriting>
                <owner>adm</owner>
                <ownerType>USER</ownerType>
            </EntityAcl>
        </ExportManifestProperty>
    </ExportManifestEntity>
    <ExportManifestEntity path="COMMONS/fonts">
        <ExportManifestProperty>
            <EntityMetaData name="fonts" createdDate="2018-06-07T15:50:39.032-03:00" isFolder="true" path="COMMONS/fonts" isHidden="false" locale="pt_BR" title="fonts"/>
        </ExportManifestProperty>
        <ExportManifestProperty>
            <EntityAcl>
                <entriesInheriting>true</entriesInheriting>
                <owner>adm</owner>
                <ownerType>USER</ownerType>
            </EntityAcl>
        </ExportManifestProperty>
    </ExportManifestEntity>
    <ExportManifestEntity path="COMMONS/fonts/Roboto-Black.ttf">
        <ExportManifestProperty>
            <EntityMetaData name="Roboto-Black.ttf" createdDate="2018-06-07T15:50:39.076-03:00" isFolder="false" path="COMMONS/fonts/Roboto-Black.ttf" isHidden="true" locale="pt_BR" title="Roboto-Black"/>
        </ExportManifestProperty>
        <ExportManifestProperty>
            <EntityAcl>
                <entriesInheriting>true</entriesInheriting>
                <owner>adm</owner>
                <ownerType>USER</ownerType>
            </EntityAcl>
        </ExportManifestProperty>
    </ExportManifestEntity>
    <ExportManifestEntity path="COMMONS/fonts/SourceSansPro-Black.ttf">
        <ExportManifestProperty>
            <EntityMetaData name="SourceSansPro-Black.ttf" createdDate="2018-06-07T15:50:39.188-03:00" isFolder="false" path="COMMONS/fonts/SourceSansPro-Black.ttf" isHidden="true" locale="pt_BR" title="SourceSansPro-Black"/>
        </ExportManifestProperty>
        <ExportManifestProperty>
            <EntityAcl>
                <entriesInheriting>true</entriesInheriting>
                <owner>adm</owner>
                <ownerType>USER</ownerType>
            </EntityAcl>
        </ExportManifestProperty>
    </ExportManifestEntity>
    <ExportManifestEntity path="COMMONS/fonts/SourceSansPro-Bold.ttf">
        <ExportManifestProperty>
            <EntityMetaData name="SourceSansPro-Bold.ttf" createdDate="2018-06-07T15:50:39.302-03:00" isFolder="false" path="COMMONS/fonts/SourceSansPro-Bold.ttf" isHidden="true" locale="pt_BR" title="SourceSansPro-Bold"/>
        </ExportManifestProperty>
        <ExportManifestProperty>
            <EntityAcl>
                <entriesInheriting>true</entriesInheriting>
                <owner>adm</owner>
                <ownerType>USER</ownerType>
            </EntityAcl>
        </ExportManifestProperty>
    </ExportManifestEntity>
    <ExportManifestEntity path="COMMONS/fonts/SourceSansPro-BoldItalic.ttf">
        <ExportManifestProperty>
            <EntityMetaData name="SourceSansPro-BoldItalic.ttf" createdDate="2018-06-07T15:50:39.419-03:00" isFolder="false" path="COMMONS/fonts/SourceSansPro-BoldItalic.ttf" isHidden="true" locale="pt_BR" title="SourceSansPro-BoldItalic"/>
        </ExportManifestProperty>
        <ExportManifestProperty>
            <EntityAcl>
                <entriesInheriting>true</entriesInheriting>
                <owner>adm</owner>
                <ownerType>USER</ownerType>
            </EntityAcl>
        </ExportManifestProperty>
    </ExportManifestEntity>
    <ExportManifestEntity path="COMMONS/fonts/SourceSansPro-Italic.ttf">
        <ExportManifestProperty>
            <EntityMetaData name="SourceSansPro-Italic.ttf" createdDate="2018-06-07T15:50:39.558-03:00" isFolder="false" path="COMMONS/fonts/SourceSansPro-Italic.ttf" isHidden="true" locale="pt_BR" title="SourceSansPro-Italic"/>
        </ExportManifestProperty>
        <ExportManifestProperty>
            <EntityAcl>
                <entriesInheriting>true</entriesInheriting>
                <owner>adm</owner>
                <ownerType>USER</ownerType>
            </EntityAcl>
        </ExportManifestProperty>
    </ExportManifestEntity>
    <ExportManifestEntity path="COMMONS/fonts/SourceSansPro-Regular.ttf">
        <ExportManifestProperty>
            <EntityMetaData name="SourceSansPro-Regular.ttf" createdDate="2018-06-07T15:50:39.653-03:00" isFolder="false" path="COMMONS/fonts/SourceSansPro-Regular.ttf" isHidden="true" locale="pt_BR" title="SourceSansPro-Regular"/>
        </ExportManifestProperty>
        <ExportManifestProperty>
            <EntityAcl>
                <entriesInheriting>true</entriesInheriting>
                <owner>adm</owner>
                <ownerType>USER</ownerType>
            </EntityAcl>
        </ExportManifestProperty>
    </ExportManifestEntity>
    <ExportManifestEntity path="COMMONS/fonts/SourceSansPro-Semibold.ttf">
        <ExportManifestProperty>
            <EntityMetaData name="SourceSansPro-Semibold.ttf" createdDate="2018-06-07T15:50:39.749-03:00" isFolder="false" path="COMMONS/fonts/SourceSansPro-Semibold.ttf" isHidden="true" locale="pt_BR" title="SourceSansPro-Semibold"/>
        </ExportManifestProperty>
        <ExportManifestProperty>
            <EntityAcl>
                <entriesInheriting>true</entriesInheriting>
                <owner>adm</owner>
                <ownerType>USER</ownerType>
            </EntityAcl>
        </ExportManifestProperty>
    </ExportManifestEntity>
    <ExportManifestEntity path="COMMONS/fonts/fontello.eot">
        <ExportManifestProperty>
            <EntityMetaData name="fontello.eot" createdDate="2018-06-07T15:50:39.862-03:00" isFolder="false" path="COMMONS/fonts/fontello.eot" isHidden="true" locale="pt_BR" title="fontello"/>
        </ExportManifestProperty>
        <ExportManifestProperty>
            <EntityAcl>
                <entriesInheriting>true</entriesInheriting>
                <owner>adm</owner>
                <ownerType>USER</ownerType>
            </EntityAcl>
        </ExportManifestProperty>
    </ExportManifestEntity>
    <ExportManifestEntity path="COMMONS/fonts/fontello.svg">
        <ExportManifestProperty>
            <EntityMetaData name="fontello.svg" createdDate="2018-06-07T15:50:39.964-03:00" isFolder="false" path="COMMONS/fonts/fontello.svg" isHidden="true" locale="pt_BR" title="fontello"/>
        </ExportManifestProperty>
        <ExportManifestProperty>
            <EntityAcl>
                <entriesInheriting>true</entriesInheriting>
                <owner>adm</owner>
                <ownerType>USER</ownerType>
            </EntityAcl>
        </ExportManifestProperty>
    </ExportManifestEntity>
    <ExportManifestEntity path="COMMONS/fonts/fontello.ttf">
        <ExportManifestProperty>
            <EntityMetaData name="fontello.ttf" createdDate="2018-06-07T15:50:40.108-03:00" isFolder="false" path="COMMONS/fonts/fontello.ttf" isHidden="true" locale="pt_BR" title="fontello"/>
        </ExportManifestProperty>
        <ExportManifestProperty>
            <EntityAcl>
                <entriesInheriting>true</entriesInheriting>
                <owner>adm</owner>
                <ownerType>USER</ownerType>
            </EntityAcl>
        </ExportManifestProperty>
    </ExportManifestEntity>
    <ExportManifestEntity path="COMMONS/fonts/fontello.woff">
        <ExportManifestProperty>
            <EntityMetaData name="fontello.woff" createdDate="2018-06-07T15:50:40.194-03:00" isFolder="false" path="COMMONS/fonts/fontello.woff" isHidden="true" locale="pt_BR" title="fontello"/>
        </ExportManifestProperty>
        <ExportManifestProperty>
            <EntityAcl>
                <entriesInheriting>true</entriesInheriting>
                <owner>adm</owner>
                <ownerType>USER</ownerType>
            </EntityAcl>
        </ExportManifestProperty>
    </ExportManifestEntity>
    <ExportManifestEntity path="COMMONS/fonts/fontello.woff2">
        <ExportManifestProperty>
            <EntityMetaData name="fontello.woff2" createdDate="2018-06-07T15:50:40.285-03:00" isFolder="false" path="COMMONS/fonts/fontello.woff2" isHidden="true" locale="pt_BR" title="fontello"/>
        </ExportManifestProperty>
        <ExportManifestProperty>
            <EntityAcl>
                <entriesInheriting>true</entriesInheriting>
                <owner>adm</owner>
                <ownerType>USER</ownerType>
            </EntityAcl>
        </ExportManifestProperty>
    </ExportManifestEntity>
    <ExportManifestEntity path="COMMONS/fonts/glyphicons-halflings-regular.eot">
        <ExportManifestProperty>
            <EntityMetaData name="glyphicons-halflings-regular.eot" createdDate="2018-06-07T15:50:40.383-03:00" isFolder="false" path="COMMONS/fonts/glyphicons-halflings-regular.eot" isHidden="true" locale="pt_BR" title="glyphicons-halflings-regular"/>
        </ExportManifestProperty>
        <ExportManifestProperty>
            <EntityAcl>
                <entriesInheriting>true</entriesInheriting>
                <owner>adm</owner>
                <ownerType>USER</ownerType>
            </EntityAcl>
        </ExportManifestProperty>
    </ExportManifestEntity>
    <ExportManifestEntity path="COMMONS/fonts/glyphicons-halflings-regular.svg">
        <ExportManifestProperty>
            <EntityMetaData name="glyphicons-halflings-regular.svg" createdDate="2018-06-07T15:50:40.489-03:00" isFolder="false" path="COMMONS/fonts/glyphicons-halflings-regular.svg" isHidden="true" locale="pt_BR" title="glyphicons-halflings-regular"/>
        </ExportManifestProperty>
        <ExportManifestProperty>
            <EntityAcl>
                <entriesInheriting>true</entriesInheriting>
                <owner>adm</owner>
                <ownerType>USER</ownerType>
            </EntityAcl>
        </ExportManifestProperty>
    </ExportManifestEntity>
    <ExportManifestEntity path="COMMONS/fonts/glyphicons-halflings-regular.ttf">
        <ExportManifestProperty>
            <EntityMetaData name="glyphicons-halflings-regular.ttf" createdDate="2018-06-07T15:50:40.593-03:00" isFolder="false" path="COMMONS/fonts/glyphicons-halflings-regular.ttf" isHidden="true" locale="pt_BR" title="glyphicons-halflings-regular"/>
        </ExportManifestProperty>
        <ExportManifestProperty>
            <EntityAcl>
                <entriesInheriting>true</entriesInheriting>
                <owner>adm</owner>
                <ownerType>USER</ownerType>
            </EntityAcl>
        </ExportManifestProperty>
    </ExportManifestEntity>
    <ExportManifestEntity path="COMMONS/fonts/glyphicons-halflings-regular.woff">
        <ExportManifestProperty>
            <EntityMetaData name="glyphicons-halflings-regular.woff" createdDate="2018-06-07T15:50:40.678-03:00" isFolder="false" path="COMMONS/fonts/glyphicons-halflings-regular.woff" isHidden="true" locale="pt_BR" title="glyphicons-halflings-regular"/>
        </ExportManifestProperty>
        <ExportManifestProperty>
            <EntityAcl>
                <entriesInheriting>true</entriesInheriting>
                <owner>adm</owner>
                <ownerType>USER</ownerType>
            </EntityAcl>
        </ExportManifestProperty>
    </ExportManifestEntity>
    <ExportManifestEntity path="COMMONS/fonts/glyphicons-halflings-regular.woff2">
        <ExportManifestProperty>
            <EntityMetaData name="glyphicons-halflings-regular.woff2" createdDate="2018-06-07T15:50:40.772-03:00" isFolder="false" path="COMMONS/fonts/glyphicons-halflings-regular.woff2" isHidden="true" locale="pt_BR" title="glyphicons-halflings-regular"/>
        </ExportManifestProperty>
        <ExportManifestProperty>
            <EntityAcl>
                <entriesInheriting>true</entriesInheriting>
                <owner>adm</owner>
                <ownerType>USER</ownerType>
            </EntityAcl>
        </ExportManifestProperty>
    </ExportManifestEntity>
    <ExportManifestEntity path="COMMONS/img">
        <ExportManifestProperty>
            <EntityMetaData name="img" createdDate="2018-06-07T15:50:40.856-03:00" isFolder="true" path="COMMONS/img" isHidden="false" locale="pt_BR" title="img"/>
        </ExportManifestProperty>
        <ExportManifestProperty>
            <EntityAcl>
                <entriesInheriting>true</entriesInheriting>
                <owner>adm</owner>
                <ownerType>USER</ownerType>
            </EntityAcl>
        </ExportManifestProperty>
    </ExportManifestEntity>
    <ExportManifestEntity path="COMMONS/img/exclamacao.gif">
        <ExportManifestProperty>
            <EntityMetaData name="exclamacao.gif" createdDate="2018-06-07T15:50:40.893-03:00" isFolder="false" path="COMMONS/img/exclamacao.gif" isHidden="true" locale="pt_BR" title="exclamacao"/>
        </ExportManifestProperty>
        <ExportManifestProperty>
            <EntityAcl>
                <entriesInheriting>true</entriesInheriting>
                <owner>adm</owner>
                <ownerType>USER</ownerType>
            </EntityAcl>
        </ExportManifestProperty>
    </ExportManifestEntity>
    <ExportManifestEntity path="COMMONS/img/exclamcao.gif">
        <ExportManifestProperty>
            <EntityMetaData name="exclamcao.gif" createdDate="2018-06-07T15:50:40.977-03:00" isFolder="false" path="COMMONS/img/exclamcao.gif" isHidden="true" locale="pt_BR" title="exclamcao"/>
        </ExportManifestProperty>
        <ExportManifestProperty>
            <EntityAcl>
                <entriesInheriting>true</entriesInheriting>
                <owner>adm</owner>
                <ownerType>USER</ownerType>
            </EntityAcl>
        </ExportManifestProperty>
    </ExportManifestEntity>
    <ExportManifestEntity path="COMMONS/img/help.png">
        <ExportManifestProperty>
            <EntityMetaData name="help.png" createdDate="2018-06-07T15:50:41.071-03:00" isFolder="false" path="COMMONS/img/help.png" isHidden="true" locale="pt_BR" title="help"/>
        </ExportManifestProperty>
        <ExportManifestProperty>
            <EntityAcl>
                <entriesInheriting>true</entriesInheriting>
                <owner>adm</owner>
                <ownerType>USER</ownerType>
            </EntityAcl>
        </ExportManifestProperty>
    </ExportManifestEntity>
    <ExportManifestEntity path="COMMONS/img/label.png">
        <ExportManifestProperty>
            <EntityMetaData name="label.png" createdDate="2018-06-07T15:50:41.151-03:00" isFolder="false" path="COMMONS/img/label.png" isHidden="true" locale="pt_BR" title="label"/>
        </ExportManifestProperty>
        <ExportManifestProperty>
            <EntityAcl>
                <entriesInheriting>true</entriesInheriting>
                <owner>adm</owner>
                <ownerType>USER</ownerType>
            </EntityAcl>
        </ExportManifestProperty>
    </ExportManifestEntity>
    <ExportManifestEntity path="COMMONS/img/loader.gif">
        <ExportManifestProperty>
            <EntityMetaData name="loader.gif" createdDate="2018-06-07T15:50:41.233-03:00" isFolder="false" path="COMMONS/img/loader.gif" isHidden="true" locale="pt_BR" title="loader"/>
        </ExportManifestProperty>
        <ExportManifestProperty>
            <EntityAcl>
                <entriesInheriting>true</entriesInheriting>
                <owner>adm</owner>
                <ownerType>USER</ownerType>
            </EntityAcl>
        </ExportManifestProperty>
    </ExportManifestEntity>
    <ExportManifestEntity path="COMMONS/img/no-photo.png">
        <ExportManifestProperty>
            <EntityMetaData name="no-photo.png" createdDate="2018-06-07T15:50:41.308-03:00" isFolder="false" path="COMMONS/img/no-photo.png" isHidden="true" locale="pt_BR" title="no-photo"/>
        </ExportManifestProperty>
        <ExportManifestProperty>
            <EntityAcl>
                <entriesInheriting>true</entriesInheriting>
                <owner>adm</owner>
                <ownerType>USER</ownerType>
            </EntityAcl>
        </ExportManifestProperty>
    </ExportManifestEntity>
    <ExportManifestEntity path="COMMONS/img/semimagem.png">
        <ExportManifestProperty>
            <EntityMetaData name="semimagem.png" createdDate="2018-06-07T15:50:41.388-03:00" isFolder="false" path="COMMONS/img/semimagem.png" isHidden="true" locale="pt_BR" title="semimagem"/>
        </ExportManifestProperty>
        <ExportManifestProperty>
            <EntityAcl>
                <entriesInheriting>true</entriesInheriting>
                <owner>adm</owner>
                <ownerType>USER</ownerType>
            </EntityAcl>
        </ExportManifestProperty>
    </ExportManifestEntity>
    <ExportManifestEntity path="COMMONS/img/transparent.png">
        <ExportManifestProperty>
            <EntityMetaData name="transparent.png" createdDate="2018-06-07T15:50:41.476-03:00" isFolder="false" path="COMMONS/img/transparent.png" isHidden="true" locale="pt_BR" title="transparent"/>
        </ExportManifestProperty>
        <ExportManifestProperty>
            <EntityAcl>
                <entriesInheriting>true</entriesInheriting>
                <owner>adm</owner>
                <ownerType>USER</ownerType>
            </EntityAcl>
        </ExportManifestProperty>
    </ExportManifestEntity>
    <ExportManifestEntity path="COMMONS/js">
        <ExportManifestProperty>
            <EntityMetaData name="js" createdDate="2018-06-07T15:50:41.556-03:00" isFolder="true" path="COMMONS/js" isHidden="false" locale="pt_BR" title="js"/>
        </ExportManifestProperty>
        <ExportManifestProperty>
            <EntityAcl>
                <entriesInheriting>true</entriesInheriting>
                <owner>adm</owner>
                <ownerType>USER</ownerType>
            </EntityAcl>
        </ExportManifestProperty>
    </ExportManifestEntity>
    <ExportManifestEntity path="COMMONS/js/data.js">
        <ExportManifestProperty>
            <EntityMetaData name="data.js" createdDate="2018-06-07T15:50:41.595-03:00" isFolder="false" path="COMMONS/js/data.js" isHidden="false" locale="pt_BR" title="data"/>
        </ExportManifestProperty>
        <ExportManifestProperty>
            <EntityAcl>
                <entriesInheriting>true</entriesInheriting>
                <owner>adm</owner>
                <ownerType>USER</ownerType>
            </EntityAcl>
        </ExportManifestProperty>
    </ExportManifestEntity>
    <ExportManifestEntity path="COMMONS/js/funcoes.js">
        <ExportManifestProperty>
            <EntityMetaData name="funcoes.js" createdDate="2018-06-07T15:50:41.686-03:00" isFolder="false" path="COMMONS/js/funcoes.js" isHidden="false" locale="pt_BR" title="funcoes"/>
        </ExportManifestProperty>
        <ExportManifestProperty>
            <EntityAcl>
                <entriesInheriting>true</entriesInheriting>
                <owner>adm</owner>
                <ownerType>USER</ownerType>
            </EntityAcl>
        </ExportManifestProperty>
    </ExportManifestEntity>
    <ExportManifestEntity path="COMMONS/js/iframeResizer.contentWindow.min.js">
        <ExportManifestProperty>
            <EntityMetaData name="iframeResizer.contentWindow.min.js" createdDate="2018-06-07T15:50:41.788-03:00" isFolder="false" path="COMMONS/js/iframeResizer.contentWindow.min.js" isHidden="false" locale="pt_BR" title="iframeResizer.contentWindow.min"/>
        </ExportManifestProperty>
        <ExportManifestProperty>
            <EntityAcl>
                <entriesInheriting>true</entriesInheriting>
                <owner>adm</owner>
                <ownerType>USER</ownerType>
            </EntityAcl>
        </ExportManifestProperty>
    </ExportManifestEntity>
    <ExportManifestEntity path="COMMONS/js/iframeResizer.min.js">
        <ExportManifestProperty>
            <EntityMetaData name="iframeResizer.min.js" createdDate="2018-06-07T15:50:41.905-03:00" isFolder="false" path="COMMONS/js/iframeResizer.min.js" isHidden="false" locale="pt_BR" title="iframeResizer.min"/>
        </ExportManifestProperty>
        <ExportManifestProperty>
            <EntityAcl>
                <entriesInheriting>true</entriesInheriting>
                <owner>adm</owner>
                <ownerType>USER</ownerType>
            </EntityAcl>
        </ExportManifestProperty>
    </ExportManifestEntity>
    <ExportManifestEntity path="COMMONS/js/plugins.js">
        <ExportManifestProperty>
            <EntityMetaData name="plugins.js" createdDate="2018-06-07T15:50:42.010-03:00" isFolder="false" path="COMMONS/js/plugins.js" isHidden="false" locale="pt_BR" title="plugins"/>
        </ExportManifestProperty>
        <ExportManifestProperty>
            <EntityAcl>
                <entriesInheriting>true</entriesInheriting>
                <owner>adm</owner>
                <ownerType>USER</ownerType>
            </EntityAcl>
        </ExportManifestProperty>
    </ExportManifestEntity>
    <ExportManifestEntity path="COMMONS/ktr">
        <ExportManifestProperty>
            <EntityMetaData name="ktr" createdDate="2018-06-07T15:50:42.149-03:00" isFolder="true" path="COMMONS/ktr" isHidden="false" locale="pt_BR" title="ktr"/>
        </ExportManifestProperty>
        <ExportManifestProperty>
            <EntityAcl>
                <entriesInheriting>true</entriesInheriting>
                <owner>adm</owner>
                <ownerType>USER</ownerType>
            </EntityAcl>
        </ExportManifestProperty>
    </ExportManifestEntity>
    <ExportManifestEntity path="COMMONS/ktr/FILTROSEGMENTACAO.ktr">
        <ExportManifestProperty>
            <EntityMetaData name="FILTROSEGMENTACAO.ktr" createdDate="2019-02-21T11:27:31.360-03:00" isFolder="false" path="COMMONS/ktr/FILTROSEGMENTACAO.ktr" isHidden="false" locale="pt_BR" title="FILTROSEGMENTACAO"/>
        </ExportManifestProperty>
        <ExportManifestProperty>
            <EntityAcl>
                <entriesInheriting>true</entriesInheriting>
                <owner>admr</owner>
                <ownerType>USER</ownerType>
            </EntityAcl>
        </ExportManifestProperty>
    </ExportManifestEntity>
    <ExportManifestEntity path="COMMONS/ktr/SEGMENTACAO.ktr">
        <ExportManifestProperty>
            <EntityMetaData name="SEGMENTACAO.ktr" createdDate="2018-06-07T15:50:42.184-03:00" isFolder="false" path="COMMONS/ktr/SEGMENTACAO.ktr" isHidden="false" locale="pt_BR" title="SEGMENTACAO"/>
        </ExportManifestProperty>
        <ExportManifestProperty>
            <EntityAcl>
                <entriesInheriting>true</entriesInheriting>
                <owner>adm</owner>
                <ownerType>USER</ownerType>
            </EntityAcl>
        </ExportManifestProperty>
    </ExportManifestEntity>
    <ExportManifestEntity path="COMMONS/swf">
        <ExportManifestProperty>
            <EntityMetaData name="swf" createdDate="2018-06-07T15:50:42.253-03:00" isFolder="true" path="COMMONS/swf" isHidden="false" locale="pt_BR" title="swf"/>
        </ExportManifestProperty>
        <ExportManifestProperty>
            <EntityAcl>
                <entriesInheriting>true</entriesInheriting>
                <owner>adm</owner>
                <ownerType>USER</ownerType>
            </EntityAcl>
        </ExportManifestProperty>
    </ExportManifestEntity>
    <ExportManifestEntity path="COMMONS/swf/flashExport.swf">
        <ExportManifestProperty>
            <EntityMetaData name="flashExport.swf" createdDate="2018-06-07T15:50:42.288-03:00" isFolder="false" path="COMMONS/swf/flashExport.swf" isHidden="false" locale="pt_BR" title="flashExport"/>
        </ExportManifestProperty>
        <ExportManifestProperty>
            <EntityAcl>
                <entriesInheriting>true</entriesInheriting>
                <owner>adm</owner>
                <ownerType>USER</ownerType>
            </EntityAcl>
        </ExportManifestProperty>
    </ExportManifestEntity>
</ns2:ExportManifest>
